Website Name,Breach Date,Date Added to HIBP,Compromised Accounts,Compromised Data
000webhost,1 March 2015,26 October 2015,"14,936,670","Email addresses, IP addresses, Names, Passwords"
123RF,22 March 2020,15 November 2020,"8,661,578","Email addresses, IP addresses, Names, Passwords, Phone numbers, Physical addresses, Usernames"
126,1 January 2012,8 October 2016,"6,414,191","Email addresses, Passwords"
17,19 April 2016,8 July 2016,"4,009,640","Device information, Email addresses, IP addresses, Passwords, Usernames"
17173,28 December 2011,28 April 2018,"7,485,802","Email addresses, Passwords, Usernames"
"2,844 Separate Data Breaches",19 February 2018,26 February 2018,"80,115,532","Email addresses, Passwords"
2fast4u,20 December 2017,7 January 2018,"17,706","Email addresses, Passwords, Usernames"
500px,5 July 2018,25 March 2019,"14,867,999","Dates of birth, Email addresses, Genders, Geographic locations, Names, Passwords, Usernames"
7k7k,1 January 2011,26 September 2017,"9,121,434","Email addresses, Passwords, Usernames"
8fit,1 July 2018,21 March 2019,"15,025,407","Email addresses, Genders, Geographic locations, IP addresses, Names, Passwords"
8tracks,27 June 2017,16 February 2018,"17,979,961","Email addresses, Passwords"
Abandonia (2015),1 November 2015,5 June 2017,"776,125","Email addresses, IP addresses, Passwords, Usernames"
Abandonia (2022),15 November 2022,7 December 2022,"919,790","Email addresses, IP addresses, Passwords, Usernames"
AbuseWith.Us,1 July 2016,9 October 2017,"1,372,550","Email addresses, IP addresses, Passwords, Usernames"
Acne.org,25 November 2014,6 March 2016,"432,943","Dates of birth, Email addresses, IP addresses, Passwords, Usernames"
ActMobile,8 October 2021,9 November 2021,"1,583,193","Email addresses, IP addresses"
Adapt,5 November 2018,22 November 2018,"9,363,740","Email addresses, Employers, Job titles, Names, Phone numbers, Physical addresses, Social media profiles"
Adecco,3 January 2021,31 May 2022,"4,284,538","Email addresses, Genders, Geographic locations, Marital statuses, Names, Passwords, Phone numbers"
Aditya Birla Fashion and Retail,1 December 2021,15 January 2022,"5,470,063","Email addresses, Genders, Income levels, Job titles, Marital statuses, Names, Passwords, Phone numbers, Physical addresses, Purchases, Religions, Salutations"
Adobe,4 October 2013,4 December 2013,"152,445,165","Email addresses, Password hints, Passwords, Usernames"
Adult FriendFinder (2015),21 May 2015,22 May 2015,"3,867,997","Dates of birth, Email addresses, Genders, Geographic locations, IP addresses, Races, Relationship statuses, Sexual orientations, Spoken languages, Usernames"
Adult FriendFinder (2016),16 October 2016,6 February 2020,"169,746,810","Email addresses, Passwords, Spoken languages, Usernames"
Adult-FanFiction.Org,30 May 2018,6 August 2018,"186,082","Dates of birth, Email addresses, Names, Passwords"
AerServ,1 April 2018,6 December 2018,"66,308","Email addresses, Employers, Job titles, Names, Passwords, Phone numbers, Physical addresses"
AgusiQ-Torrents.pl,24 September 2019,4 December 2019,"90,478","Email addresses, IP addresses, Passwords, Usernames"
AhaShare.com,30 May 2013,6 November 2014,"180,468","Email addresses, Genders, Geographic locations, IP addresses, Partial dates of birth, Passwords, Usernames, Website activity"
ai.type,5 December 2017,8 December 2017,"20,580,060","Address book contacts, Apps installed on devices, Cellular network names, Dates of birth, Device information, Email addresses, Genders, Geographic locations, IMEI numbers, IMSI numbers, IP addresses, Names, Phone numbers, Profile photos, Social media profiles"
Aimware,28 April 2019,2 May 2022,"305,470","Email addresses, IP addresses, Passwords, Private messages, Usernames, Website activity"
Aipai.com,27 September 2016,7 November 2016,"6,496,778","Email addresses, Passwords"
Ajarn,13 December 2018,26 September 2021,"266,399","Dates of birth, Education levels, Email addresses, Genders, Geographic locations, Job applications, Marital statuses, Names, Nationalities, Passwords, Phone numbers, Profile photos"
AKP Emails,19 July 2016,1 October 2017,"917,461","Email addresses, Email messages"
Amart Furniture,16 May 2022,25 May 2022,"108,940","Email addresses, Names, Passwords, Phone numbers, Physical addresses"
Ancestry,7 November 2015,24 December 2017,"297,806","Email addresses, Passwords"
Android Forums,30 October 2011,20 December 2015,"745,355","Dates of birth, Email addresses, Homepage URLs, Instant messenger identities, IP addresses, Passwords"
Animal Jam,12 October 2020,12 November 2020,"7,104,998","Dates of birth, Email addresses, Genders, IP addresses, Names, Passwords, Physical addresses, Usernames"
AnimeGame,27 February 2020,9 March 2020,"1,431,378","Email addresses, Passwords, Usernames"
Anime-Planet,1 January 2016,28 July 2019,"368,507","Dates of birth, Email addresses, IP addresses, Passwords, Usernames"
Animoto,10 July 2018,18 July 2019,"22,437,749","Dates of birth, Email addresses, Geographic locations, Names, Passwords"
Anti Public Combo List,16 December 2016,4 May 2017,"457,962,538","Email addresses, Passwords"
Apollo,23 July 2018,5 October 2018,"125,929,660","Email addresses, Employers, Geographic locations, Job titles, Names, Phone numbers, Salutations, Social media profiles"
Appartoo,25 March 2017,2 May 2019,"49,681","Ages, Auth tokens, Email addresses, Employment statuses, Genders, IP addresses, Marital statuses, Names, Passwords, Physical addresses, Private messages, Social media profiles"
Appen,22 June 2020,30 July 2020,"5,888,405","Email addresses, Employers, IP addresses, Names, Passwords, Phone numbers"
Aptoide,13 April 2020,19 April 2020,"20,012,235","Browser user agent details, Email addresses, IP addresses, Names, Passwords"
Armor Games,1 January 2019,20 July 2019,"10,604,307","Bios, Dates of birth, Email addresses, Genders, Geographic locations, IP addresses, Passwords, Usernames"
Army Force Online,18 May 2016,10 November 2016,"1,531,235","Avatars, Email addresses, Geographic locations, IP addresses, Names, Passwords, Usernames, Website activity"
Artsy,1 April 2018,25 May 2020,"1,079,970","Email addresses, IP addresses, Names, Passwords"
Artvalue,19 June 2019,19 July 2019,"157,692","Email addresses, Names, Passwords, Salutations, Usernames"
Ashley Madison,19 July 2015,18 August 2015,"30,811,934","Dates of birth, Email addresses, Ethnicities, Genders, Names, Passwords, Payment histories, Phone numbers, Physical addresses, Security questions and answers, Sexual orientations, Usernames, Website activity"
Astropid,19 December 2013,6 July 2014,"5,788","Email addresses, Instant messenger identities, IP addresses, Names, Passwords, Private messages, Usernames, Website activity"
Aternos,6 December 2015,1 October 2016,"1,436,486","Email addresses, IP addresses, Passwords, Usernames, Website activity"
Atlas Quantum,25 August 2018,27 August 2018,"261,463","Account balances, Email addresses, Names, Phone numbers"
Audi,14 August 2019,23 July 2021,"2,743,539","Dates of birth, Driver's licenses, Email addresses, Names, Phone numbers, Physical addresses, Social security numbers, Vehicle details"
Autocentrum.pl,4 February 2018,9 February 2018,"143,717","Email addresses, Passwords"
Autotrader,6 January 2023,23 January 2023,"20,032","Email addresses, Phone numbers, Physical addresses, Vehicle details, Vehicle identification numbers (VINs)"
Avast,26 May 2014,12 March 2016,"422,959","Email addresses, Passwords, Usernames"
Avvo,17 December 2019,15 April 2022,"4,101,101","Email addresses, Passwords"
B2B USA Businesses,18 July 2017,18 July 2017,"105,059,554","Email addresses, Employers, Job titles, Names, Phone numbers, Physical addresses"
Baby Names,24 October 2008,24 October 2018,"846,742","Email addresses, Passwords"
Badoo,1 June 2013,6 July 2016,"112,005,531","Dates of birth, Email addresses, Genders, Names, Passwords, Usernames"
BannerBit,29 December 2018,8 January 2019,"213,415","Email addresses, Passwords"
Banorte,18 August 2014,18 August 2022,"2,107,000","Account balances, Email addresses, Genders, Government issued IDs, Names, Phone numbers, Physical addresses"
Battlefield Heroes,26 June 2011,23 January 2014,"530,270","Passwords, Usernames"
Battlefy,11 January 2016,29 July 2022,"83,610","Email addresses, Passwords, Usernames"
Beautiful People,11 November 2015,25 April 2016,"1,100,089","Beauty ratings, Car ownership statuses, Dates of birth, Drinking habits, Education levels, Email addresses, Genders, Geographic locations, Home ownership statuses, Income levels, IP addresses, Job titles, Names, Passwords, Personal descriptions, Personal interests, Physical attributes, Sexual orientations, Smoking habits, Website activity"
Bell (2014 breach),1 February 2014,1 February 2014,"20,902","Credit cards, Genders, Passwords, Usernames"
Bell (2017 breach),15 May 2017,16 May 2017,"2,231,256","Email addresses, Geographic locations, IP addresses, Job titles, Names, Passwords, Phone numbers, Spoken languages, Survey results, Usernames"
Benchmark,1 November 2019,1 January 2023,"93,343","Email addresses, IP addresses, Passwords, Usernames"
Bestialitysextaboo,19 March 2018,29 March 2018,"3,204","Dates of birth, Email addresses, Genders, Geographic locations, IP addresses, Passwords, Private messages, Usernames"
Bhinneka,27 January 2020,6 October 2022,"1,274,340","Dates of birth, Email addresses, Genders, Names, Passwords, Phone numbers, Physical addresses"
bigbasket,14 October 2020,26 April 2021,"24,500,011","Dates of birth, Email addresses, IP addresses, Names, Passwords, Phone numbers, Physical addresses"
BigMoneyJobs,3 April 2014,8 April 2014,"36,789","Career levels, Education levels, Email addresses, Names, Passwords, Phone numbers, Physical addresses, Salutations, User website URLs, Website activity"
Bin Weevils,1 September 2014,18 August 2017,"1,287,073","Ages, Email addresses, Genders, IP addresses, Passwords, Usernames"
Biohack.me,2 December 2016,23 August 2017,"3,402","Email addresses, Passwords, Private messages, Usernames"
Bitcoin Security Forum Gmail Dump,9 January 2014,10 September 2014,"4,789,599","Email addresses, Passwords"
Bitcoin Talk,22 May 2015,27 March 2017,"501,407","Dates of birth, Email addresses, Genders, IP addresses, Passwords, Security questions and answers, Usernames, Website activity"
Bitly,8 May 2014,6 October 2017,"9,313,136","Email addresses, Passwords, Usernames"
BitTorrent,1 January 2016,8 June 2016,"34,235","Email addresses, IP addresses, Passwords, Usernames"
Black Hat World,23 June 2014,3 November 2015,"777,387","Dates of birth, Email addresses, Instant messenger identities, IP addresses, Passwords, Usernames, Website activity"
BlackBerry Fans,6 May 2022,16 May 2022,"174,168","Email addresses, IP addresses, Passwords, Usernames"
BlackSpigotMC,14 July 2019,17 July 2019,"140,029","Device information, Email addresses, Genders, Geographic locations, IP addresses, Passwords, Usernames"
BlankMediaGames,28 December 2018,2 January 2019,"7,633,234","Browser user agent details, Email addresses, IP addresses, Passwords, Purchases, Usernames, Website activity"
Bolt,1 March 2017,24 November 2017,"995,274","Email addresses, IP addresses, Passwords, Usernames"
Bombuj.eu,7 December 2018,10 December 2018,"575,437","Email addresses, Passwords"
Bonobos,14 August 2020,31 January 2021,"2,811,929","Email addresses, Historical passwords, IP addresses, Names, Partial credit card data, Passwords, Phone numbers, Physical addresses, Purchases"
Bookchor,28 January 2021,3 July 2022,"498,297","Dates of birth, Email addresses, Genders, IP addresses, Names, Passwords, Phone numbers, Social media profiles"
Bookmate,8 July 2018,22 March 2019,"3,830,916","Dates of birth, Email addresses, Genders, Geographic locations, Names, Passwords, Usernames"
Bot of Legends,13 November 2014,27 December 2016,"238,373","Email addresses, IP addresses, Passwords, Usernames, Website activity"
Bourse des Vols,12 January 2021,3 July 2022,"1,460,130","Dates of birth, Email addresses, Flights taken, IP addresses, Names, Phone numbers, Physical addresses, Purchases"
Boxee,29 March 2014,30 March 2014,"158,093","Dates of birth, Email addresses, Geographic locations, Historical passwords, Instant messenger identities, IP addresses, Passwords, Private messages, User website URLs, Usernames"
Brand New Tube,14 August 2022,8 September 2022,"349,627","Email addresses, Genders, IP addresses, Passwords, Private messages, Usernames"
Brazzers,1 April 2013,5 September 2016,"790,724","Email addresses, Passwords, Usernames"
BreachForums Clone,17 June 2023,25 June 2023,"4,204","Email addresses, IP addresses, Passwords, Usernames"
BTC-Alpha,2 November 2021,27 January 2022,"362,426","Email addresses, IP addresses, Passwords, Usernames"
BTC-E,1 October 2014,12 March 2017,"568,340","Account balances, Email addresses, IP addresses, Passwords, Usernames, Website activity"
BtoBet,26 December 2019,11 January 2020,"444,241","Dates of birth, Email addresses, Financial transactions, Geographic locations, IP addresses, Names, Usernames"
Bukalapak,23 October 2017,18 April 2019,"13,369,666","Email addresses, IP addresses, Names, Passwords, Usernames"
Bulgarian National Revenue Agency,15 July 2019,18 July 2019,"471,167","Email addresses, Names, Phone numbers, Physical addresses, Taxation records"
Business Acumen Magazine,25 April 2014,11 May 2014,"26,596","Email addresses, Names, Passwords, Usernames, Website activity"
CafeMom,10 April 2014,9 November 2017,"2,628,148","Email addresses, Passwords"
CafePress,20 February 2019,5 August 2019,"23,205,290","Email addresses, Names, Passwords, Phone numbers, Physical addresses"
Cannabis.com,5 February 2014,1 June 2014,"227,746","Dates of birth, Email addresses, Geographic locations, Historical passwords, Instant messenger identities, IP addresses, Passwords, Private messages, Usernames, Website activity"
Canva,24 May 2019,9 August 2019,"137,272,116","Email addresses, Geographic locations, Names, Passwords, Usernames"
Capital Economics,12 December 2020,4 July 2022,"263,829","Email addresses, Employers, Job titles, Names, Phone numbers, Physical addresses"
Carding Mafia (December 2021),28 December 2021,16 January 2022,"303,877","Email addresses, IP addresses, Passwords, Usernames"
Carding Mafia (March 2021),18 March 2021,23 March 2021,"297,744","Email addresses, IP addresses, Passwords, Usernames"
CashCrate,17 November 2016,20 April 2018,"6,844,490","Email addresses, Names, Passwords, Physical addresses"
Catho,1 March 2020,18 August 2020,"1,173,012","Email addresses, Names, Passwords, Usernames"
CD Projekt RED,1 March 2016,31 January 2017,"1,871,373","Email addresses, Passwords, Usernames"
CDEK,9 March 2022,17 March 2022,"19,218,203","Email addresses, Names, Phone numbers"
Chatbooks,26 March 2020,29 July 2020,"2,520,441","Email addresses, Names, Passwords, Phone numbers, Social media profiles"
CheapAssGamer.com,1 July 2015,8 November 2016,"444,767","Email addresses, IP addresses, Passwords, Usernames"
Chegg,28 April 2018,16 August 2019,"39,721,127","Email addresses, Names, Passwords, Usernames"
Chowbus,5 October 2020,6 October 2020,"444,224","Email addresses, Names, Phone numbers, Physical addresses"
Cit0day,4 November 2020,19 November 2020,"226,883,414","Email addresses, Passwords"
CityBee,5 February 2021,17 February 2021,"110,156","Email addresses, Government issued IDs, Names, Passwords"
CityJerks,27 February 2023,27 April 2023,"177,554","Bios, Dates of birth, Email addresses, Geographic locations, IP addresses, Passwords, Private messages, Profile photos, Sexual orientations, Usernames"
Civil Online,10 July 2011,7 November 2016,"7,830,195","Email addresses, IP addresses, Passwords, Usernames, Website activity"
Clash of Kings,14 July 2016,27 July 2019,"1,604,957","Email addresses, IP addresses, Passwords, Usernames"
ClearVoice Surveys,23 August 2015,23 April 2021,"15,074,786","Dates of birth, Email addresses, Genders, IP addresses, Names, Passwords, Phone numbers, Physical addresses"
ClixSense,4 September 2016,11 September 2016,"2,424,784","Account balances, Dates of birth, Email addresses, Genders, IP addresses, Names, Passwords, Payment histories, Payment methods, Physical addresses, Usernames, Website activity"
CloudPets,1 January 2017,27 February 2017,"583,503","Email addresses, Family members' names, Passwords"
Club Penguin Rewritten (January 2018),21 January 2018,23 April 2019,"1,688,176","Email addresses, IP addresses, Passwords, Usernames"
Club Penguin Rewritten (July 2019),27 July 2019,30 July 2019,"4,007,909","Email addresses, IP addresses, Passwords, Usernames"
Coachella,22 February 2017,27 June 2017,"599,802","Email addresses, IP addresses, Passwords, Usernames"
Coinmama,3 August 2017,30 August 2019,"478,824","Email addresses, Passwords, Usernames"
CoinMarketCap,12 October 2021,22 October 2021,"3,117,548",Email addresses
CoinTracker,1 December 2022,12 December 2022,"1,557,153","Email addresses, Partial phone numbers"
Collection #1,7 January 2019,16 January 2019,"772,904,991","Email addresses, Passwords"
Comcast,8 November 2015,8 February 2016,"616,882","Email addresses, Passwords, Physical addresses"
COMELEC (Philippines Voters),27 March 2016,14 April 2016,"228,605","Biometric data, Dates of birth, Email addresses, Family members' names, Genders, Job titles, Marital statuses, Names, Passport numbers, Phone numbers, Physical addresses, Physical attributes"
Convex,1 February 2023,26 February 2023,"150,129","Email addresses, IP addresses, Names, Phone numbers"
Coupon Mom / Armor Games,8 February 2014,9 November 2017,"11,010,525","Email addresses, Passwords"
Covve,20 February 2020,15 May 2020,"22,802,117","Email addresses, Job titles, Names, Phone numbers, Physical addresses, Social media profiles"
Crack Community,9 September 2013,3 February 2015,"19,210","Email addresses, IP addresses, Passwords, Usernames, Website activity"
Cracked.to,21 July 2019,12 August 2019,"749,161","Email addresses, IP addresses, Passwords, Private messages, Usernames"
CrackingForum,1 July 2016,10 December 2017,"660,305","Email addresses, IP addresses, Passwords, Usernames"
Creative,1 May 2018,7 June 2018,"483,015","Email addresses, IP addresses, Passwords, Usernames"
CrimeAgency vBulletin Hacks,19 January 2017,21 March 2017,"942,044","Email addresses, Passwords, Usernames"
Cross Fire,8 August 2016,28 December 2016,"12,865,609","Email addresses, Passwords, Usernames"
CTARS,21 May 2021,31 May 2022,"12,314","Dates of birth, Email addresses, Genders, Names, Passwords, Personal health data, Phone numbers, Physical addresses, Salutations, Usernames"
CyberServe,29 October 2021,4 November 2021,"1,107,034","Dates of birth, Drinking habits, Email addresses, Family structure, Genders, Geographic locations, HIV statuses, IP addresses, Names, Passwords, Personal health data, Phone numbers, Physical attributes, Private messages, Profile photos, Religions, Sexual orientations, Smoking habits, Usernames"
D3Scene,1 January 2016,15 June 2019,"568,827","Email addresses, IP addresses, Passwords, Usernames"
DaFont,16 May 2017,18 May 2017,"637,340","Email addresses, Passwords, Usernames"
Daily Quiz,13 January 2021,21 May 2021,"8,032,404","Email addresses, IP addresses, Passwords, Usernames"
Dailymotion,20 October 2016,7 August 2017,"85,176,234","Email addresses, Passwords, Usernames"
DailyObjects,1 January 2018,28 January 2020,"464,260","Email addresses, Names, Passwords, Phone numbers, Physical addresses"
Dangdang,1 June 2011,10 January 2019,"4,848,734",Email addresses
DaniWeb,1 December 2015,28 December 2016,"1,131,636","Email addresses, IP addresses, Passwords"
Data & Leads,14 November 2018,28 November 2018,"44,320,330","Email addresses, Employers, IP addresses, Job titles, Names, Phone numbers, Physical addresses"
Data Enrichment Exposure From PDL Customer,16 October 2019,22 November 2019,"622,161,052","Email addresses, Employers, Geographic locations, Job titles, Names, Phone numbers, Social media profiles"
Data Enrichment Records,23 December 2016,8 June 2017,"8,176,132","Buying preferences, Charitable donations, Credit status information, Dates of birth, Email addresses, Family structure, Financial investments, Home ownership statuses, Income levels, Job titles, Marital statuses, Names, Net worths, Phone numbers, Physical addresses, Political donations"
DataCamp,30 January 2017,9 April 2019,"760,561","Email addresses, Geographic locations, IP addresses, Names, Passwords"
DatPiff,25 August 2021,4 January 2022,"7,476,940","Email addresses, Passwords, Security questions and answers, Usernames"
Dave,28 June 2020,27 July 2020,"2,964,182","Dates of birth, Email addresses, Names, Passwords, Phone numbers, Physical addresses, Social security numbers"
Deezer,22 April 2019,2 January 2023,"229,037,936","Dates of birth, Email addresses, Genders, Geographic locations, IP addresses, Names, Spoken languages, Usernames"
Demon Forums,20 February 2019,4 April 2019,"52,623","Email addresses, Passwords, Usernames"
Descomplica,14 March 2021,28 April 2021,"4,845,378","Email addresses, Names, Partial credit card data, Passwords, Purchases"
Devil-Torrents.pl,4 January 2021,1 May 2022,"63,451","Email addresses, Passwords"
devkitPro,3 February 2019,11 February 2019,"1,508","Email addresses, Passwords, Private messages"
diet.com,10 August 2014,13 October 2017,"1,383,759","Dates of birth, Eating habits, Email addresses, IP addresses, Names, Passwords, Physical attributes, Usernames"
Digimon,5 September 2016,28 September 2018,"7,687,679","Email addresses, Email messages, IP addresses, Names"
Disqus,1 July 2012,6 October 2017,"17,551,044","Email addresses, Passwords, Usernames"
DivX SubTitles,1 January 2010,14 June 2022,"783,058","Email addresses, Passwords, Usernames"
DLH.net,31 July 2016,7 September 2016,"3,264,710","Dates of birth, Email addresses, Names, Passwords, Usernames, Website activity"
Dodonew.com,1 December 2011,10 November 2016,"8,718,404","Email addresses, Usernames"
Domino's,13 June 2014,4 January 2015,"648,231","Email addresses, Names, Passwords, Phone numbers, Physical addresses"
Domino's India,24 March 2021,3 June 2021,"22,527,655","Email addresses, Names, Phone numbers, Physical addresses, Purchases"
Doomworld,12 October 2022,24 October 2022,"34,478","Email addresses, IP addresses, Passwords, Usernames"
DoorDash,2 August 2022,7 January 2023,"367,476","Email addresses, Geographic locations, Names, Partial credit card data"
Doxbin,5 January 2022,8 January 2022,"370,794","Browser user agent details, Email addresses, Passwords, Usernames"
DriveSure,19 December 2020,10 May 2021,"3,675,099","Email addresses, Names, Passwords, Phone numbers, Physical addresses, Vehicle details"
Drizly,2 July 2020,28 July 2020,"2,479,044","Dates of birth, Device information, Email addresses, IP addresses, Names, Passwords, Phone numbers, Physical addresses"
Dropbox,1 July 2012,31 August 2016,"68,648,009","Email addresses, Passwords"
Dubsmash,1 December 2018,25 February 2019,"161,749,950","Email addresses, Geographic locations, Names, Passwords, Phone numbers, Spoken languages, Usernames"
Ducks Unlimited,29 January 2021,16 November 2021,"1,324,364","Dates of birth, Email addresses, Names, Passwords, Phone numbers, Physical addresses"
Dueling Network,29 March 2017,30 March 2020,"6,486,626","Email addresses, IP addresses, Passwords, Usernames"
Dungeons & Dragons Online,2 April 2013,12 March 2016,"1,580,933","Dates of birth, Email addresses, IP addresses, Passwords, Usernames, Website activity"
Dunzo,19 June 2020,29 July 2020,"3,465,259","Device information, Email addresses, Geographic locations, IP addresses, Names, Phone numbers"
Duowan.com,1 January 2011,7 November 2016,"2,639,894","Email addresses, Passwords, Usernames"
dvd-shop.ch,5 December 2017,10 December 2017,"67,973","Email addresses, Passwords"
Eatigo,16 October 2018,25 August 2021,"2,789,609","Email addresses, Genders, Names, Passwords, Phone numbers, Social media profiles"
EatStreet,3 May 2019,19 July 2019,"6,353,564","Dates of birth, Email addresses, Genders, Names, Partial credit card data, Passwords, Phone numbers, Physical addresses, Social media profiles"
Edmodo,11 May 2017,1 June 2017,"43,423,561","Email addresses, Passwords, Usernames"
Elance,1 January 2009,18 February 2017,"1,291,178","Email addresses, Employers, Geographic locations, Passwords, Phone numbers, Usernames"
Elanic,1 January 2018,4 May 2020,"2,325,283","Email addresses, Geographic locations, Usernames"
Elasticsearch Instance of Sales Leads on AWS,29 October 2018,17 November 2018,"5,788,169","Email addresses, Employers, Names, Physical addresses"
Emotet,27 January 2021,26 April 2021,"4,324,770","Email addresses, Passwords"
Emuparadise,1 April 2018,9 June 2019,"1,131,229","Email addresses, IP addresses, Passwords, Usernames"
E-Pal,15 April 2022,24 October 2022,"108,887","Email addresses, Purchases, Usernames"
Epic Games,11 August 2016,7 November 2016,"251,661","Email addresses, Passwords, Usernames"
EpicBot,1 September 2019,19 November 2019,"816,662","Email addresses, IP addresses, Passwords, Usernames"
EpicNPC,2 January 2016,27 July 2019,"408,795","Email addresses, IP addresses, Passwords, Usernames"
Epik,13 September 2021,19 September 2021,"15,003,961","Email addresses, Names, Phone numbers, Physical addresses, Purchases"
Eroticy,1 June 2015,10 January 2017,"1,370,175","Email addresses, IP addresses, Names, Passwords, Payment histories, Phone numbers, Physical addresses, Usernames, Website activity"
Eskimi,25 September 2020,16 July 2022,"1,197,620","Dates of birth, Email addresses, Genders, Geographic locations, Passwords, Usernames"
Estonian Citizens (via Estonian Cybercrime Bureau),7 June 2018,11 June 2018,"655,161","Email addresses, Passwords"
eThekwini Municipality,7 September 2016,15 September 2016,"81,830","Dates of birth, Deceased date, Email addresses, Genders, Government issued IDs, Names, Passport numbers, Passwords, Phone numbers, Physical addresses, Utility bills"
Ethereum,16 December 2016,20 December 2016,"16,431","Email addresses, IP addresses, Passwords, Private messages, Usernames, Website activity"
europa.jobs,11 August 2019,15 January 2020,"226,095","Dates of birth, Email addresses, Geographic locations, Job applications, Names, Passwords, Phone numbers, Spoken languages"
Evermotion,7 May 2015,2 July 2017,"435,510","Dates of birth, Email addresses, Passwords, Usernames"
Everybody Edits,23 March 2019,3 April 2019,"871,190","Email addresses, IP addresses, Usernames"
Evite,11 August 2013,14 July 2019,"100,985,047","Dates of birth, Email addresses, Genders, Names, Passwords, Phone numbers, Physical addresses"
Evony,1 June 2016,25 March 2017,"29,396,116","Email addresses, IP addresses, Passwords, Usernames"
Exactis,1 June 2018,25 July 2018,"131,577,763","Credit status information, Dates of birth, Education levels, Email addresses, Ethnicities, Family structure, Financial investments, Genders, Home ownership statuses, Income levels, IP addresses, Marital statuses, Names, Net worths, Occupations, Personal interests, Phone numbers, Physical addresses, Religions, Spoken languages"
Experian (2015),16 September 2015,6 September 2016,"7,196,890","Credit status information, Dates of birth, Email addresses, Ethnicities, Family structure, Genders, Home ownership statuses, Income levels, IP addresses, Names, Phone numbers, Physical addresses, Purchasing habits"
Experian (South Africa),19 August 2020,1 September 2020,"1,284,637","Email addresses, Employers, Government issued IDs, Names, Occupations, Phone numbers"
Exploit.In,13 October 2016,6 May 2017,"593,427,119","Email addresses, Passwords"
Exposed VINs,5 June 2017,9 June 2017,"396,650","Dates of birth, Email addresses, Family structure, Genders, Names, Phone numbers, Physical addresses, Vehicle details"
Eye4Fraud,25 January 2023,6 March 2023,"16,000,591","Email addresses, IP addresses, Names, Partial credit card data, Passwords, Phone numbers, Physical addresses"
EyeEm,28 February 2018,16 February 2019,"19,611,022","Bios, Email addresses, Names, Passwords, Usernames"
Facebook,1 August 2019,4 April 2021,"509,458,528","Dates of birth, Email addresses, Employers, Genders, Geographic locations, Names, Phone numbers, Relationship statuses"
Facepunch,3 June 2016,17 October 2018,"342,913","Dates of birth, Email addresses, IP addresses, Passwords, Usernames"
FaceUP,1 January 2013,13 January 2019,"87,633","Dates of birth, Email addresses, Genders, Names, Passwords, Phone numbers, Usernames"
Factual,22 March 2017,24 December 2019,"2,461,696","Email addresses, Employers, Phone numbers, Physical addresses"
Famm,8 October 2020,16 July 2022,"535,240","Dates of birth, Email addresses, Genders, Names, Passwords"
Fanpass,30 April 2022,24 May 2022,"112,251","Email addresses, Genders, Names, Partial dates of birth, Passwords, Phone numbers, Physical addresses, Purchases, Social media profiles"
Fantasy Football Hub,2 October 2021,7 October 2021,"66,479","Email addresses, IP addresses, Names, Passwords, Purchases, Usernames"
Fashion Nexus,9 July 2018,31 July 2018,"1,279,263","Browser user agent details, Dates of birth, Email addresses, Genders, IP addresses, Names, Passwords, Phone numbers, Physical addresses, Purchases"
FashionFantasyGame,1 December 2016,20 April 2017,"2,357,872","Email addresses, Passwords"
Filmai.in,1 January 2020,23 February 2021,"645,786","Email addresses, Passwords, Usernames"
Final Fantasy Shrine,18 September 2015,31 October 2015,"620,677","Email addresses, Passwords, Usernames, Website activity"
Flash Flash Revolution (2016 breach),1 February 2016,6 September 2016,"1,771,845","Email addresses, Passwords, Usernames"
Flash Flash Revolution (2019 breach),16 July 2019,21 July 2019,"1,858,124","Dates of birth, Email addresses, IP addresses, Passwords, Usernames"
Flashback,11 February 2015,12 February 2015,"40,256","Email addresses, Government issued IDs, Physical addresses"
FlexBooker,23 December 2021,6 January 2022,"3,756,794","Email addresses, Names, Partial credit card data, Passwords, Phone numbers"
Fling,10 March 2011,28 May 2016,"40,767,652","Dates of birth, Email addresses, Genders, Geographic locations, IP addresses, Passwords, Phone numbers, Sexual fetishes, Sexual orientations, Usernames, Website activity"
Florida Virtual School,12 February 2018,18 March 2018,"542,902","Dates of birth, Email addresses, Names, Passwords, School grades (class levels), Usernames"
Foodora,22 April 2016,16 June 2020,"582,578","Email addresses, Names, Passwords, Phone numbers, Physical addresses"
Forbes,15 February 2014,15 February 2014,"1,057,819","Email addresses, Passwords, User website URLs, Usernames"
ForumCommunity,1 June 2016,5 December 2018,"776,648","Email addresses, Passwords, Usernames"
Fotolog,1 December 2018,15 June 2021,"16,717,854","Email addresses, Passwords, Usernames"
Foxy Bingo,4 April 2008,22 November 2015,"252,216","Account balances, Browser user agent details, Dates of birth, Email addresses, Genders, Names, Passwords, Phone numbers, Physical addresses, Usernames, Website activity"
Freedom Hosting II,31 January 2017,5 February 2017,"380,830","Email addresses, Passwords, Usernames"
FreshMenu,1 July 2016,10 September 2018,"110,355","Device information, Email addresses, Names, Phone numbers, Physical addresses, Purchases"
Fridae,2 May 2014,6 May 2014,"35,368","Email addresses, Passwords, Usernames, Website activity"
Funimation,1 July 2016,20 February 2017,"2,491,103","Dates of birth, Email addresses, Passwords, Usernames"
Funny Games,28 April 2018,24 July 2018,"764,357","Email addresses, IP addresses, Passwords, Usernames"
Fur Affinity,17 May 2016,27 May 2016,"1,270,564","Email addresses, Passwords, Usernames"
Gaadi,14 May 2015,1 July 2018,"4,261,179","Email addresses, Genders, Geographic locations, IP addresses, Names, Passwords, Phone numbers, Usernames"
Gab,26 February 2021,3 March 2021,"66,521","Avatars, Email addresses, Names, Passwords, Private messages, Usernames"
Gamerzplanet,23 October 2015,5 February 2016,"1,217,166","Email addresses, IP addresses, Passwords, Usernames"
GameSalad,24 February 2019,21 July 2019,"1,506,242","Email addresses, IP addresses, Passwords, Usernames"
GameTuts,1 March 2015,23 September 2016,"2,064,274","Email addresses, IP addresses, Passwords, Usernames"
Gamigo,1 March 2012,18 January 2016,"8,243,604","Email addresses, Passwords"
GateHub,4 June 2019,20 November 2019,"1,408,078","Email addresses, Encrypted keys, Mnemonic phrases, Passwords"
Gawker,11 December 2010,4 December 2013,"1,247,574","Email addresses, Passwords, Usernames"
Ge.tt,4 May 2017,16 February 2021,"2,481,121","Email addresses, Names, Passwords, Social media profiles"
GeekedIn,15 August 2016,17 November 2016,"1,073,164","Email addresses, Geographic locations, Names, Professional skills, Usernames, Years of professional experience"
Gemini,13 December 2022,16 December 2022,"5,274,214","Email addresses, Partial phone numbers"
Genesis Market,5 April 2023,5 April 2023,"8,000,000","Browser user agent details, Credit card CVV, Credit cards, Dates of birth, Email addresses, Names, Passwords, Phone numbers, Physical addresses, Usernames"
GeniusU,2 October 2020,8 January 2021,"1,301,460","Email addresses, Genders, IP addresses, Names, Passwords, Social media profiles"
Get Revenge On Your Ex,9 September 2022,15 November 2022,"79,195","Email addresses, IP addresses, Names, Passwords, Phone numbers, Physical addresses, Purchases"
GFAN,10 October 2016,10 October 2016,"22,526,334","Email addresses, IP addresses, Passwords, Usernames"
GGCorp,11 August 2022,8 November 2022,"2,376,330","Email addresses, IP addresses, Passwords, Usernames"
GiveSendGo,7 February 2022,15 February 2022,"89,966","Email addresses, Geographic locations, Names, Purchases"
Glofox,27 March 2020,10 January 2021,"2,330,735","Dates of birth, Email addresses, Genders, Names, Passwords, Phone numbers"
Go Games,24 October 2015,11 January 2020,"3,430,083","Email addresses, IP addresses, Passwords, Usernames"
GoldSilver,21 October 2018,27 December 2018,"242,715","Bank account numbers, Email addresses, IP addresses, Names, Partial credit card data, Passport numbers, Phone numbers, Physical addresses, Purchases, Security questions and answers, Social security numbers"
gPotato,12 July 2007,24 September 2016,"2,136,520","Dates of birth, Email addresses, Genders, IP addresses, Names, Passwords, Physical addresses, Security questions and answers, Usernames, Website activity"
GPS Underground,1 July 2016,19 November 2019,"669,584","Dates of birth, Email addresses, IP addresses, Passwords, Usernames"
Gravatar,3 October 2020,5 December 2021,"113,990,759","Email addresses, Names, Usernames"
GTAGaming,1 August 2016,23 August 2016,"197,184","Dates of birth, Email addresses, IP addresses, Passwords, Usernames, Website activity"
GunAuction.com,3 December 2022,2 March 2023,"565,470","Browser user agent details, Email addresses, Genders, IP addresses, Partial credit card data, Partial dates of birth, Passwords, Phone numbers, Physical addresses, Usernames"
Guns and Robots,1 April 2016,14 February 2018,"143,569","Email addresses, IP addresses, Passwords, Usernames"
Guns.com,12 January 2021,13 January 2022,"375,928","Dates of birth, Email addresses, Names, Partial credit card data, Passwords, Phone numbers, Physical addresses, Purchases"
Guntrader,17 July 2021,21 July 2021,"112,031","Browser user agent details, Email addresses, Geographic locations, IP addresses, Names, Passwords, Phone numbers, Physical addresses, Salutations"
hackforums.net,25 June 2011,11 May 2014,"191,540","Dates of birth, Email addresses, Instant messenger identities, IP addresses, Passwords, Social connections, Spoken languages, Time zones, User website URLs, Usernames, Website activity"
Hacking Team,6 July 2015,12 July 2015,"32,310","Email addresses, Email messages"
HauteLook,7 August 2018,21 March 2019,"28,510,459","Dates of birth, Email addresses, Genders, Geographic locations, Names, Passwords"
Havenly,25 June 2020,1 August 2020,"1,369,180","Email addresses, Geographic locations, Names, Passwords, Phone numbers"
HDB Financial Services,22 February 2023,11 March 2023,"1,658,750","Dates of birth, Email addresses, Genders, Geographic locations, Loan information, Names, Phone numbers"
Health Now Networks,25 March 2017,7 April 2017,"321,920","Dates of birth, Email addresses, Genders, Health insurance information, IP addresses, Names, Personal health data, Phone numbers, Physical addresses, Security questions and answers, Social connections"
Hemmakv√§ll,8 July 2015,9 July 2015,"47,297","Email addresses, Names, Passwords, Phone numbers, Physical addresses"
hemmelig.com,21 December 2011,25 March 2014,"28,641","Email addresses, Genders, Nicknames, Partial dates of birth, Passwords, Usernames"
Heroes of Gaia,4 January 2013,7 November 2016,"179,967","Browser user agent details, Email addresses, IP addresses, Usernames, Website activity"
Heroes of Newerth,17 December 2012,24 January 2016,"8,089,103","Email addresses, Passwords, Usernames"
HiAPK,1 January 2014,1 April 2018,"13,873,674","Email addresses, Passwords, Usernames"
HLTV,19 June 2016,22 March 2017,"611,070","Email addresses, Names, Passwords, Usernames, Website activity"
Home Chef,10 February 2020,13 November 2020,"8,815,692","Email addresses, Geographic locations, IP addresses, Names, Partial credit card data, Passwords, Phone numbers"
HongFire,1 March 2015,5 February 2017,"999,991","Dates of birth, Email addresses, IP addresses, Passwords, Usernames"
Hookers.nl,10 October 2019,23 October 2019,"290,955","Email addresses, IP addresses, Passwords, Usernames"
HoundDawgs,30 December 2017,3 January 2018,"45,701","Email addresses, IP addresses, Passwords, Website activity"
Houzz,23 May 2018,12 March 2019,"48,881,308","Email addresses, Geographic locations, IP addresses, Names, Passwords, Social media profiles, Usernames"
HTC Mania,4 January 2020,6 April 2020,"1,488,089","Dates of birth, Email addresses, Historical passwords, IP addresses, Passwords, Usernames"
HTH Studios,24 August 2018,20 November 2018,"411,755","Browser user agent details, Dates of birth, Email addresses, IP addresses, Names, Phone numbers, Physical addresses, Purchases, Usernames"
Hub4Tech,1 January 2017,9 December 2018,"36,916","Email addresses, Passwords"
Hurb,14 March 2019,27 July 2020,"20,727,771","Dates of birth, Email addresses, IP addresses, Names, Passwords, Phone numbers, Social media profiles"
iD Tech,3 January 2023,6 March 2023,"415,121","Dates of birth, Email addresses, Names, Passwords"
IDC Games,15 March 2021,17 November 2021,"3,966,871","Email addresses, Passwords, Usernames"
i-Dressup,15 July 2016,26 September 2016,"2,191,565","Email addresses, Passwords"
IIMJobs,31 December 2018,21 May 2021,"4,216,063","Dates of birth, Email addresses, Geographic locations, IP addresses, Job applications, Job titles, Names, Passwords, Phone numbers"
ILikeCheats,18 October 2014,22 April 2018,"188,847","Email addresses, IP addresses, Passwords, Usernames"
Imavex,20 August 2021,26 August 2021,"878,209","Email addresses, Genders, Names, Partial credit card data, Passwords, Phone numbers, Physical addresses, Purchases, Usernames"
iMesh,22 September 2013,2 July 2016,"49,467,477","Email addresses, IP addresses, Passwords, Usernames"
imgur,1 September 2013,25 November 2017,"1,749,806","Email addresses, Passwords"
IndiaMART,23 May 2021,27 August 2021,"20,154,583","Email addresses, Names, Phone numbers, Physical addresses"
Indian Railways,28 October 2019,10 January 2020,"583,377","Email addresses, Passwords, Usernames"
Insanelyi,22 July 2014,22 July 2014,"104,097","Email addresses, Passwords, Usernames, Website activity"
Instant Checkmate,12 April 2019,4 February 2023,"11,943,887","Email addresses, Names, Passwords, Phone numbers"
Intelimost,10 March 2019,2 April 2019,"3,073,409","Email addresses, Passwords"
InterPals,4 November 2015,30 August 2016,"3,439,414","Dates of birth, Email addresses, Geographic locations, Names, Passwords, Usernames"
iPmart,1 July 2015,23 February 2016,"2,460,787","Dates of birth, Email addresses, Passwords, Usernames"
ixigo,3 January 2019,17 March 2019,"17,204,697","Auth tokens, Device information, Email addresses, Genders, Names, Passwords, Phone numbers, Salutations, Social media profiles, Usernames"
James,25 March 2020,5 November 2020,"1,541,284","Email addresses, Geographic locations, Passwords"
JD,1 January 2013,2 June 2021,"77,449,341","Email addresses, Passwords, Phone numbers, Usernames"
JD Group,31 May 2023,5 June 2023,"521,878","Email addresses, Government issued IDs, Names, Phone numbers, Physical addresses"
Jefit,11 August 2020,27 April 2021,"9,052,457","Email addresses, IP addresses, Passwords, Usernames"
Jobandtalent,1 February 2018,17 January 2021,"10,981,207","Email addresses, IP addresses, Names, Passwords"
JobStreet,7 March 2012,30 October 2017,"3,883,455","Dates of birth, Email addresses, Genders, Geographic locations, Government issued IDs, Marital statuses, Names, Nationalities, Passwords, Phone numbers, Physical addresses, Usernames"
JoomlArt,30 January 2018,1 November 2018,"22,477","Email addresses, Names, Passwords, Payment histories, Usernames"
JukinMedia,28 October 2021,17 July 2022,"314,290","Email addresses, Employers, IP addresses, Names, Occupations, Passwords, Phone numbers"
Justdate.com,29 September 2016,7 February 2017,"24,451,312","Dates of birth, Email addresses, Geographic locations, Names"
Kayo.moe Credential Stuffing List,11 September 2018,13 September 2018,"41,826,763","Email addresses, Passwords"
Kickstarter,16 February 2014,6 October 2017,"5,176,463","Email addresses, Passwords"
Kimsufi,1 May 2015,27 December 2016,"504,565","Email addresses, IP addresses, Passwords, Usernames"
KiwiFarms,10 September 2019,17 September 2019,"4,606","Avatars, Dates of birth, Email addresses, IP addresses, Website activity"
KM.RU,29 February 2016,3 March 2016,"1,476,783","Dates of birth, Email addresses, Genders, Geographic locations, Recovery email addresses, Security questions and answers, Usernames"
KnownCircle,12 April 2016,17 November 2018,"1,957,600","Email addresses, Email messages, Genders, Names, Passwords, Phone numbers, Physical addresses"
Knuddels,5 September 2018,8 April 2019,"808,330","Email addresses, Geographic locations, Names, Passwords, Usernames"
KomplettFritid,1 February 2021,23 January 2023,"139,401","Email addresses, IP addresses, Names, Passwords, Phone numbers, Physical addresses"
Kreditplus,23 June 2020,3 August 2020,"768,890","Dates of birth, Email addresses, Employers, Family structure, Genders, Income levels, Living costs, Marital statuses, Mothers maiden names, Names, Phone numbers, Physical addresses, Places of birth, Religions, Spouses names"
La Poste Mobile,4 July 2022,14 July 2022,"533,886","Bank account numbers, Dates of birth, Email addresses, Genders, Names, Phone numbers, Physical addresses"
Lanwar,28 July 2018,8 August 2018,"45,120","Email addresses, Names, Passwords, Physical addresses, Usernames"
Last.fm,22 March 2012,20 September 2016,"37,217,682","Email addresses, Passwords, Usernames, Website activity"
Lazada RedMart,30 July 2020,10 November 2020,"1,107,789","Email addresses, Names, Partial credit card data, Passwords, Phone numbers, Physical addresses"
LBB,14 February 2019,5 March 2023,"39,288","Browser user agent details, Email addresses, IP addresses, Names, Physical addresses"
Lead Hunter,4 March 2020,3 June 2020,"68,693,853","Email addresses, Genders, IP addresses, Names, Phone numbers, Physical addresses"
League of Legends,11 June 2012,28 July 2018,"339,487","Email addresses, Passwords, Usernames"
Leaked Reality,31 January 2022,31 March 2023,"114,907","Email addresses, IP addresses, Passwords, Usernames"
Ledger,25 June 2020,20 December 2020,"1,075,241","Email addresses, Names, Phone numbers, Physical addresses"
Leet,10 September 2016,30 September 2016,"5,081,689","Email addresses, IP addresses, Passwords, Usernames, Website activity"
Lifebear,28 February 2019,25 May 2020,"3,670,561","Email addresses, Passwords, Usernames"
Lifeboat,1 January 2016,25 April 2016,"7,089,395","Email addresses, Passwords, Usernames"
Light's Hope,25 June 2018,4 July 2018,"30,484","Dates of birth, Email addresses, Geographic locations, IP addresses, Passwords, Private messages, Usernames"
Liker,8 March 2021,13 March 2021,"465,141","Auth tokens, Dates of birth, Education levels, Email addresses, Geographic locations, IP addresses, Names, Passwords, Phone numbers, Private messages, Security questions and answers, Social media profiles, Usernames"
LimeVPN,8 October 2020,6 February 2023,"23,348","Email addresses, IP addresses, Names, Passwords, Phone numbers, Physical addresses, Purchases"
LinkedIn,5 May 2012,21 May 2016,"164,611,595","Email addresses, Passwords"
LinkedIn Scraped Data,8 April 2021,2 October 2021,"125,698,496","Education levels, Email addresses, Genders, Geographic locations, Job titles, Names, Social media profiles"
Linux Forums,1 May 2018,7 June 2018,"275,785","Email addresses, IP addresses, Passwords, Usernames"
Linux Mint,21 February 2016,22 February 2016,"144,989","Avatars, Dates of birth, Email addresses, Geographic locations, IP addresses, Passwords, Time zones, Website activity"
Little Monsters,1 January 2017,7 March 2017,"995,698","Dates of birth, Email addresses, Passwords, Usernames"
LiveAuctioneers,19 June 2020,22 August 2020,"3,385,862","Email addresses, IP addresses, Names, Passwords, Phone numbers, Physical addresses, Usernames"
LiveJournal,1 January 2017,26 May 2020,"26,372,781","Email addresses, Passwords, Usernames"
Livpure,29 August 2020,22 May 2021,"269,552","Email addresses, Names, Phone numbers, Physical addresses, Purchases, Salutations"
Lizard Squad,16 January 2015,18 January 2015,"13,451","Email addresses, Passwords, Usernames"
Lolzteam,13 May 2018,6 November 2022,"398,011","Email addresses, Usernames"
Lookbook,24 August 2012,8 November 2016,"1,074,948","Dates of birth, Email addresses, IP addresses, Names, Passwords, Usernames, Website activity"
Lord of the Rings Online,1 August 2013,12 March 2016,"1,141,278","Dates of birth, Email addresses, IP addresses, Passwords, Usernames, Website activity"
Lounge Board,1 August 2013,6 July 2014,"45,018","Email addresses, IP addresses, Names, Passwords, Private messages, Usernames, Website activity"
Lumin PDF,1 April 2019,18 September 2019,"15,453,048","Auth tokens, Email addresses, Genders, Names, Passwords, Spoken languages, Usernames"
Luxottica,16 March 2021,19 May 2023,"77,093,812","Dates of birth, Email addresses, Genders, Names, Phone numbers, Physical addresses"
Lyrics Mania,21 December 2017,15 January 2018,"109,202","Email addresses, Passwords, Usernames"
Mac Forums,3 July 2016,29 October 2018,"326,714","Dates of birth, Email addresses, IP addresses, Passwords, Usernames"
MacGeneration,29 January 2022,3 March 2022,"101,004","Email addresses, Passwords, Usernames"
Mac-Torrents,31 October 2015,31 October 2015,"93,992","Email addresses, Passwords, Usernames"
mail.ru Dump,10 September 2014,12 September 2014,"16,630,988","Email addresses, Passwords"
MajorGeeks,15 November 2015,3 March 2016,"269,548","Email addresses, IP addresses, Passwords, Usernames"
MALL.cz,27 July 2017,4 September 2017,"735,405","Email addresses, Names, Passwords, Phone numbers"
Malwarebytes,15 November 2014,9 March 2016,"111,623","Dates of birth, Email addresses, IP addresses, Passwords, Usernames, Website activity"
Manga Traders,9 June 2014,10 June 2014,"855,249","Email addresses, Passwords"
MangaDex,22 March 2021,25 April 2021,"2,987,329","Email addresses, IP addresses, Passwords, Usernames"
MangaFox.me,1 June 2016,17 March 2018,"1,311,610","Dates of birth, Email addresses, IP addresses, Passwords, Usernames"
Mangatoon,13 May 2022,6 July 2022,"23,040,238","Auth tokens, Avatars, Email addresses, Genders, Names, Passwords, Social media profiles, Usernames"
Mappery,11 December 2018,18 December 2018,"205,242","Email addresses, Geographic locations, Passwords, Usernames"
Mashable,1 June 2020,10 November 2020,"1,414,677","Auth tokens, Email addresses, Genders, Geographic locations, IP addresses, Names, Partial dates of birth, Social media profiles"
Master Deeds,14 March 2017,18 October 2017,"2,257,930","Dates of birth, Deceased statuses, Email addresses, Employers, Ethnicities, Genders, Government issued IDs, Home ownership statuses, Job titles, Names, Nationalities, Phone numbers, Physical addresses"
Mastercard Priceless Specials,20 August 2019,1 September 2019,"89,388","Email addresses, IP addresses, Names, Partial credit card data, Phone numbers, Salutations"
Mate1.com,29 February 2016,14 April 2016,"27,393,015","Astrological signs, Dates of birth, Drinking habits, Drug habits, Education levels, Email addresses, Ethnicities, Fitness levels, Genders, Geographic locations, Income levels, Job titles, Names, Parenting plans, Passwords, Personal descriptions, Physical attributes, Political views, Relationship statuses, Religions, Sexual fetishes, Travel habits, Usernames, Website activity, Work habits"
Mathway,13 January 2020,5 June 2020,"25,692,862","Device information, Email addresses, Names, Passwords, Social media profiles"
MCBans,27 October 2016,23 July 2017,"119,948","Email addresses, IP addresses, Passwords, Usernames, Website activity"
MDPI,30 August 2016,25 March 2018,"845,012","Email addresses, Email messages, IP addresses, Names"
Mecho Download,31 October 2013,2 August 2022,"437,928","Email addresses, IP addresses, Passwords, Usernames"
MeetMindful,26 January 2020,31 January 2021,"1,422,717","Dates of birth, Drinking habits, Drug habits, Email addresses, Genders, Geographic locations, IP addresses, Marital statuses, Names, Passwords, Physical attributes, Religions, Sexual orientations, Smoking habits, Social media profiles, Usernames"
MEO,24 December 2020,24 April 2023,"8,227","Email addresses, Names, Passwords, Phone numbers, Physical addresses, Purchases, Usernames"
MGM Resorts,25 July 2019,20 February 2020,"3,081,321","Dates of birth, Email addresses, Names, Phone numbers, Physical addresses"
MGM Resorts (2022 Update),25 July 2019,29 May 2022,"24,842,001","Dates of birth, Email addresses, Names, Phone numbers, Physical addresses"
MindJolt,18 March 2019,13 July 2019,"28,364,826","Dates of birth, Email addresses, Names"
Minecraft Pocket Edition Forum,24 May 2015,30 June 2015,"16,034","Email addresses, IP addresses, Passwords, Usernames"
Minecraft World Map,15 January 2016,29 August 2016,"71,081","Email addresses, IP addresses, Passwords, Usernames"
Minefield,28 June 2015,9 March 2016,"188,343","Dates of birth, Email addresses, IP addresses, Passwords, Usernames, Website activity"
Minehut,17 May 2019,17 September 2019,"396,533","Email addresses, Passwords"
Minted,6 May 2020,3 November 2020,"4,418,182","Email addresses, Names, Passwords, Phone numbers, Physical addresses"
MMG Fusion,20 December 2020,7 August 2021,"2,660,295","Appointments, Dates of birth, Email addresses, Genders, Marital statuses, Names, Passwords, Phone numbers, Physical addresses"
MobiFriends,6 January 2020,23 May 2021,"3,512,952","Dates of birth, Email addresses, Genders, Passwords, Usernames"
MoDaCo,1 January 2016,20 September 2016,"879,703","Email addresses, IP addresses, Passwords, Usernames"
Modern Business Solutions,8 October 2016,12 October 2016,"58,843,488","Dates of birth, Email addresses, Genders, IP addresses, Job titles, Names, Phone numbers, Physical addresses"
Money Bookers,1 January 2009,30 November 2015,"4,483,605","Dates of birth, Email addresses, IP addresses, Names, Phone numbers, Physical addresses"
Moneycontrol,7 September 2017,22 May 2021,"762,874","Email addresses, Genders, Geographic locations, Passwords, Phone numbers"
Morele.net,10 October 2018,20 April 2019,"2,467,304","Email addresses, Names, Passwords, Phone numbers"
Mortal Online,17 June 2018,31 August 2018,"606,637","Email addresses, Names, Passwords, Physical addresses, Usernames"
MPGH,22 October 2015,26 October 2015,"3,122,898","Email addresses, IP addresses, Passwords, Usernames"
MrExcel,5 December 2016,22 January 2017,"366,140","Dates of birth, Email addresses, IP addresses, Passwords, Social connections, Usernames, Website activity"
mSpy,14 May 2015,28 May 2015,"699,793",Device usage tracking data
Muslim Directory,17 February 2014,23 February 2014,"37,784","Age groups, Email addresses, Employers, Names, Passwords, Phone numbers, Physical addresses, Website activity"
Muslim Match,24 June 2016,29 June 2016,"149,830","Chat logs, Email addresses, Geographic locations, IP addresses, Passwords, Private messages, User statuses, Usernames"
MyFHA,18 February 2015,9 August 2018,"972,629","Credit status information, Email addresses, Income levels, IP addresses, Loan information, Names, Passwords, Personal descriptions, Physical addresses"
MyFitnessPal,1 February 2018,21 February 2019,"143,606,147","Email addresses, IP addresses, Passwords, Usernames"
MyHeritage,26 October 2017,20 February 2019,"91,991,358","Email addresses, Passwords"
myRepoSpace,6 July 2015,8 July 2015,"252,751","Email addresses, IP addresses, Passwords, Usernames"
MySpace,1 July 2008,31 May 2016,"359,420,698","Email addresses, Passwords, Usernames"
MyVidster,15 August 2015,10 October 2015,"19,863","Email addresses, Passwords, Usernames"
Nameless Malware,1 January 2020,9 June 2021,"1,121,484",Email addresses
NapsGear,21 October 2015,10 September 2018,"287,071","Dates of birth, Email addresses, Genders, Names, Passwords, Phone numbers, Physical addresses, Purchases"
Naughty America,14 March 2016,24 April 2016,"1,398,630","Dates of birth, Email addresses, IP addresses, Passwords, Usernames, Website activity"
NemoWeb,4 September 2016,19 September 2018,"3,472,916","Email addresses, Names"
Neopets,5 May 2013,7 July 2016,"26,892,897","Dates of birth, Email addresses, Genders, Geographic locations, IP addresses, Names, Passwords, Usernames"
NetEase,19 October 2015,9 October 2016,"234,842,089","Email addresses, Passwords"
Neteller,17 May 2010,30 November 2015,"3,619,948","Account balances, Dates of birth, Email addresses, Genders, IP addresses, Names, Phone numbers, Physical addresses, Security questions and answers, Website activity"
NetGalley,21 December 2020,23 February 2021,"1,436,435","Dates of birth, Email addresses, IP addresses, Names, Passwords, Phone numbers, Physical addresses, Usernames"
Netlog,1 November 2012,15 July 2019,"49,038,354","Email addresses, Passwords"
NetProspex,1 September 2016,15 March 2017,"33,698,126","Email addresses, Employers, Job titles, Names, Phone numbers, Physical addresses"
Netshoes,7 December 2017,10 December 2017,"499,836","Dates of birth, Email addresses, Names, Purchases"
NextGenUpdate,22 April 2014,5 June 2015,"1,194,597","Email addresses, IP addresses, Passwords, Usernames"
Nexus Mods,22 July 2013,17 January 2016,"5,915,013","Email addresses, Passwords, Usernames"
Nihonomaru,1 December 2015,30 August 2016,"1,697,282","Email addresses, IP addresses, Passwords, Usernames"
Nitro,28 September 2020,19 January 2021,"77,159,696","Email addresses, Names, Passwords"
Nival,29 February 2016,3 March 2016,"1,535,473","Avatars, Dates of birth, Email addresses, Genders, Names, Spoken languages, Usernames, Website activity"
Non Nude Girls,21 May 2013,25 January 2017,"75,383","Email addresses, IP addresses, Names, Passwords, Usernames, Website activity"
Not Acxiom,21 June 2020,22 November 2022,"51,730,831","Email addresses, IP addresses, Names, Phone numbers, Physical addresses"
Nulled.ch,20 May 2020,24 May 2020,"43,491","Email addresses, IP addresses, Passwords, Private messages, Usernames"
Nulled.cr,6 May 2016,9 May 2016,"599,080","Dates of birth, Email addresses, IP addresses, Passwords, Private messages, Usernames, Website activity"
NurseryCam,12 February 2021,23 February 2021,"10,585",Email addresses
NVIDIA,23 February 2022,2 March 2022,"71,335","Email addresses, Passwords"
OGUsers (2019 breach),26 December 2018,19 May 2019,"161,143","Email addresses, IP addresses, Passwords, Private messages, Usernames"
OGUsers (2020 breach),2 April 2020,4 April 2020,"263,189","Email addresses, IP addresses, Passwords, Private messages, Usernames"
OGUsers (2021 breach),11 April 2021,16 May 2022,"348,302","Email addresses, IP addresses, Passwords, Usernames"
OGUsers (2022 breach),13 July 2022,14 April 2023,"529,020","Email addresses, IP addresses, Passwords, Usernames"
Onliner Spambot,28 August 2017,29 August 2017,"711,477,622","Email addresses, Passwords"
Onverse,1 January 2016,6 September 2016,"800,157","Email addresses, IP addresses, Passwords, Usernames"
Open CS:GO,28 November 2017,15 January 2018,"512,311","Avatars, Email addresses, IP addresses, Phone numbers, Physical addresses, Purchases, Social media profiles, Usernames"
Open Subtitles,1 August 2021,19 January 2022,"6,783,158","Email addresses, Geographic locations, IP addresses, Passwords, Usernames"
OrderSnapp,29 June 2020,8 August 2021,"1,304,447","Dates of birth, Email addresses, Names, Passwords, Phone numbers"
Ordine Avvocati di Roma,7 May 2019,26 May 2019,"41,960","Email addresses, Email messages, Geographic locations, Passwords, Phone numbers"
OVH,1 May 2015,27 December 2016,"452,899","Email addresses, IP addresses, Passwords, Usernames"
OwnedCore,1 August 2013,6 February 2016,"880,331","Email addresses, IP addresses, Passwords, Usernames"
Oxfam,20 January 2021,2 March 2021,"1,834,006","Bank account numbers, Dates of birth, Email addresses, Genders, Names, Partial credit card data, Payment histories, Phone numbers, Physical addresses"
Paddy Power,25 October 2010,11 October 2015,"590,954","Account balances, Dates of birth, Email addresses, IP addresses, Names, Phone numbers, Physical addresses, Security questions and answers, Usernames, Website activity"
Paragon Cheats,22 May 2021,14 May 2022,"188,089","Browser user agent details, Email addresses, IP addresses, Usernames"
ParkMobile,21 March 2021,30 April 2021,"20,949,825","Email addresses, Licence plates, Names, Passwords, Phone numbers"
Patreon,1 October 2015,2 October 2015,"2,330,382","Email addresses, Passwords, Payment histories, Physical addresses, Private messages, Website activity"
PayAsUGym,15 December 2016,17 December 2016,"400,260","Browser user agent details, Email addresses, IP addresses, Names, Partial credit card data, Passwords, Phone numbers, Website activity"
PayHere,27 March 2022,2 May 2022,"1,580,249","Email addresses, IP addresses, Names, Partial credit card data, Phone numbers, Physical addresses, Purchases"
Paytm,30 August 2020,26 July 2022,"3,395,101","Dates of birth, Email addresses, Genders, Geographic locations, Income levels, Names, Phone numbers, Purchases"
Peatix,20 January 2019,6 December 2020,"4,227,907","Email addresses, Names, Passwords"
Pemiblanc,2 April 2018,9 July 2018,"110,964,206","Email addresses, Passwords"
People's Energy,16 December 2020,23 February 2021,"358,822","Dates of birth, Email addresses, Names, Passwords, Phone numbers, Physical addresses"
PetFlow,9 December 2017,26 May 2020,"990,919","Email addresses, Passwords"
Phone House Espa√±a,8 April 2021,22 April 2021,"5,223,350","Dates of birth, Email addresses, Genders, Names, Nationalities, Phone numbers, Physical addresses"
PHP Freaks,27 October 2015,30 October 2015,"173,891","Dates of birth, Email addresses, IP addresses, Passwords, Usernames, Website activity"
Pixel Federation,4 December 2013,6 December 2013,"38,108","Email addresses, Passwords"
Pixlr,7 October 2020,1 February 2021,"1,906,808","Email addresses, Geographic locations, Names, Passwords, Social media profiles"
piZap,7 December 2017,16 July 2019,"41,817,893","Email addresses, Genders, Geographic locations, Names, Passwords, Social media profiles, Usernames, Website activity"
Planet Calypso,1 July 2019,12 January 2020,"62,261","Email addresses, IP addresses, Passwords, Usernames"
Planet Ice,14 January 2023,31 January 2023,"240,488","Dates of birth, Email addresses, Genders, IP addresses, Names, Passwords, Phone numbers, Physical addresses, Purchases"
Playbook,19 October 2020,11 October 2021,"50,538","Email addresses, Job titles, Names, Passwords, Phone numbers, Social media profiles"
Plex,2 July 2015,8 February 2016,"327,314","Email addresses, IP addresses, Passwords, Usernames"
Pluto TV,12 October 2018,5 December 2020,"3,225,080","Dates of birth, Device information, Email addresses, Genders, IP addresses, Names, Passwords, Social media profiles, Usernames"
Pok√©bip,28 July 2015,9 September 2016,"657,001","Email addresses, IP addresses, Passwords, Time zones, Usernames, Website activity"
Pok√©mon Creed,8 August 2014,10 August 2014,"116,465","Email addresses, Genders, IP addresses, Passwords, Usernames, Website activity"
Pok√©mon Negro,1 October 2016,3 January 2017,"830,155","Email addresses, IP addresses, Passwords"
PoliceOne,1 July 2014,15 November 2017,"709,926","Email addresses, IP addresses, Passwords, Usernames"
Polish Credentials,29 May 2023,30 May 2023,"1,204,870","Email addresses, Passwords"
Poshmark,16 May 2018,2 September 2019,"36,395,491","Email addresses, Genders, Geographic locations, Names, Passwords, Usernames"
Powerbot,1 September 2014,1 July 2017,"503,501","Email addresses, IP addresses, Passwords, Usernames"
PPCGeeks,19 August 2016,18 July 2022,"492,518","Dates of birth, Email addresses, IP addresses, Passwords, Usernames"
Preen.Me,25 May 2020,26 May 2022,"236,105","Email addresses, Names, Social media profiles, Usernames"
ProctorU,26 June 2020,6 August 2020,"444,453","Email addresses, Names, Passwords, Phone numbers, Physical addresses, Usernames"
Programming Forums,1 December 2015,1 July 2017,"707,432","Email addresses, IP addresses, Passwords, Usernames"
Promo,22 June 2020,26 July 2020,"14,610,585","Email addresses, Genders, IP addresses, Names, Passwords"
Promofarma,3 August 2019,1 November 2020,"1,277,761","Email addresses, Names"
PropTiger,30 January 2018,24 March 2020,"2,156,921","Dates of birth, Device information, Email addresses, Genders, IP addresses, Names, Passwords"
Protemps,4 October 2021,20 December 2021,"49,591","Email addresses, Genders, Job applications, Marital statuses, Names, Nationalities, Passport numbers, Passwords, Phone numbers, Physical addresses, Religions, Salutations"
PS3Hax,1 July 2015,7 February 2016,"447,410","Email addresses, IP addresses, Passwords, Usernames"
PSP ISO,25 September 2015,29 January 2017,"1,274,070","Email addresses, IP addresses, Passwords, Usernames"
PSX-Scene,1 February 2015,7 February 2016,"341,118","Email addresses, IP addresses, Passwords, Usernames"
Qatar National Bank,1 July 2015,1 May 2016,"88,678","Bank account numbers, Customer feedback, Dates of birth, Financial transactions, Genders, Geographic locations, Government issued IDs, IP addresses, Marital statuses, Names, Passwords, Phone numbers, Physical addresses, PINs, Security questions and answers, Spoken languages"
QIP,1 June 2011,8 January 2017,"26,183,992","Email addresses, Passwords, Usernames, Website activity"
Quantum Booter,18 March 2014,4 April 2015,"48,592","Email addresses, IP addresses, Passwords, Private messages, Usernames, Website activity"
QuestionPro,21 May 2022,5 August 2022,"22,229,637","Browser user agent details, Email addresses, IP addresses, Survey results"
Quidd,1 July 2019,24 June 2020,"3,805,863","Email addresses, Passwords, Usernames"
QuinStreet,14 December 2015,17 December 2016,"4,907,802","Dates of birth, Email addresses, IP addresses, Passwords, Usernames, Website activity"
R2 (2017 forum breach),1 January 2017,25 April 2017,"1,023,466","Email addresses, Passwords, Usernames, Website activity"
R2Games,1 November 2015,9 February 2016,"22,281,337","Email addresses, IP addresses, Passwords, Usernames"
RaidForums,24 September 2020,31 May 2023,"478,604","Dates of birth, Email addresses, IP addresses, Passwords, Usernames"
Rambler,1 March 2014,1 November 2016,"91,436,280","Email addresses, Passwords, Usernames"
RankWatch,19 November 2016,3 November 2017,"7,445,067","Email addresses, Employers, Job titles, Names, Phone numbers"
Raychat,31 January 2021,4 July 2021,"938,981","Browser user agent details, Email addresses, IP addresses, Names, Passwords"
Rbx.Rocks,6 August 2018,7 November 2018,"149,958","Email addresses, Names, Passwords"
Read Novel,1 May 2019,16 May 2022,"22,424,472","Email addresses, Genders, Passwords, Phone numbers, Usernames"
Real Estate Mogul,6 September 2016,24 September 2018,"307,768","Email addresses, Names, Phone numbers, Physical addresses"
RealDudesInc,22 October 2022,19 February 2023,"101,543","Email addresses, Passwords, Usernames"
RedDoorz,4 September 2020,28 January 2022,"5,890,277","Dates of birth, Email addresses, Genders, Names, Occupations, Passwords, Phone numbers"
RedLine Stealer,5 December 2021,30 December 2021,"441,657","Email addresses, Passwords, Usernames"
Regpack,20 May 2016,13 September 2016,"104,977","Browser user agent details, Credit card CVV, Email addresses, IP addresses, Names, Partial credit card data, Phone numbers, Physical addresses, Purchases"
Reincubate,11 May 2017,29 October 2020,"616,146","Email addresses, Names, Passwords"
RentoMojo,15 April 2023,10 May 2023,"2,185,697","Dates of birth, Email addresses, Genders, Government issued IDs, Names, Passport numbers, Passwords, Phone numbers, Purchases, Social media profiles"
Republican Party of Texas,11 September 2021,6 October 2021,"72,596","Browser user agent details, Email addresses, Geographic locations, IP addresses, Names"
Retina-X,23 February 2017,30 April 2017,"71,153","Email addresses, Passwords"
ReverbNation,1 January 2014,5 October 2017,"7,040,725","Email addresses, Passwords"
River City Media Spam List,1 January 2017,8 March 2017,"393,430,309","Email addresses, IP addresses, Names, Physical addresses"
Robinhood,3 November 2021,3 March 2022,"5,003,937",Email addresses
Roll20,26 December 2018,19 July 2019,"3,994,436","Email addresses, IP addresses, Names, Partial credit card data, Passwords"
Romwe,1 June 2018,18 January 2021,"19,531,820","Geographic locations, IP addresses, Names, Passwords, Phone numbers, Physical addresses"
Rosebutt Board,9 May 2016,10 May 2016,"107,303","Email addresses, IP addresses, Passwords, Usernames"
Royal Enfield,1 January 2019,31 March 2022,"420,873","Dates of birth, Email addresses, Genders, Names, Passwords, Phone numbers, Physical addresses, Social media profiles, Vehicle details"
Russian America,1 January 2017,13 September 2018,"182,717","Email addresses, Names, Passwords, Phone numbers"
SaverSpy,18 September 2018,25 September 2018,"2,457,420","Email addresses, Genders, Names, Physical addresses"
SC Daily Phone Spam List,14 April 2015,24 November 2016,"32,939,105","Dates of birth, Email addresses, Genders, IP addresses, Names, Physical addresses"
Scentbird,22 June 2020,30 July 2020,"5,814,988","Dates of birth, Email addresses, Genders, Names, Password strengths, Passwords"
School District 42,15 January 2023,2 February 2023,"18,850","Email addresses, Names"
Seedpeer,12 July 2015,9 March 2016,"281,924","Email addresses, Passwords, Usernames"
Sephora,9 January 2017,6 October 2019,"780,073","Dates of birth, Email addresses, Ethnicities, Genders, Names, Physical attributes"
ServerPact,1 January 2016,6 September 2016,"73,587","Dates of birth, Email addresses, IP addresses, Passwords, Usernames"
Shadi.com,9 July 2016,20 July 2022,"2,021,984","Email addresses, Passwords"
ShareThis,9 July 2018,3 March 2019,"40,960,499","Dates of birth, Email addresses, Names, Passwords"
SHEIN,1 June 2018,17 July 2019,"39,086,762","Email addresses, Passwords"
Shitexpress,8 August 2022,16 August 2022,"23,817","Email addresses, IP addresses, Names, Physical addresses, Private messages, Purchases"
ShockGore,11 August 2020,20 January 2022,"73,944","Email addresses, Genders, IP addresses, Passwords, Private messages, Usernames"
ShopBack,17 September 2020,25 April 2021,"20,529,819","Email addresses, Geographic locations, Names, Passwords, Phone numbers"
Shopper+,14 September 2020,11 March 2023,"878,290","Dates of birth, Email addresses, Genders, Names, Phone numbers, Physical addresses, Spoken languages"
Short √âdition,26 June 2021,19 July 2021,"505,466","Dates of birth, Email addresses, Genders, Names, Passwords, Phone numbers, Physical addresses, Social media profiles, Usernames"
Shotbow,9 May 2016,29 October 2017,"1,052,753","Email addresses, Passwords, Usernames"
SirHurt,23 April 2021,24 May 2022,"90,655","Email addresses, IP addresses, Passwords, Usernames"
SitePoint,20 June 2020,17 August 2022,"1,021,790","Bios, Email addresses, IP addresses, Names, Passwords, Usernames"
SkTorrent,19 February 2016,23 February 2016,"117,070","Email addresses, Passwords, Usernames"
Slickwraps,16 February 2020,22 February 2020,"857,611","Email addresses, Names, Phone numbers, Physical addresses, Purchases"
SlideTeam,6 April 2021,7 January 2023,"1,464,271","Email addresses, Names, Passwords"
Smogon,10 September 2017,11 April 2018,"386,489","Email addresses, Genders, Geographic locations, Passwords, Usernames, Website activity"
Snail,14 March 2015,27 July 2019,"1,410,899","Email addresses, IP addresses, Passwords, Usernames"
Snapchat,1 January 2014,2 January 2014,"4,609,615","Geographic locations, Phone numbers, Usernames"
Social Engineered,13 June 2019,23 June 2019,"89,392","Email addresses, IP addresses, Passwords, Private messages, Usernames"
Societ√† Italiana degli Autori ed Editori,3 November 2018,7 November 2018,"14,609","Email addresses, IP addresses, Names, Passwords, Phone numbers"
Sonicbids,30 December 2019,18 August 2020,"751,700","Email addresses, Names, Passwords, Usernames"
Sony,2 June 2011,4 December 2013,"37,103","Dates of birth, Email addresses, Genders, Names, Passwords, Phone numbers, Physical addresses, Usernames"
Soundwave,16 July 2015,17 March 2017,"130,705","Dates of birth, Email addresses, Genders, Geographic locations, Names, Passwords, Social connections"
Special K Data Feed Spam List,7 October 2015,24 November 2016,"30,741,620","Dates of birth, Email addresses, Genders, IP addresses, Names, Physical addresses"
Spirol,22 February 2014,22 February 2014,"55,622","Email addresses, Employers, Job titles, Names, Phone numbers, Physical addresses"
SpyFone,16 August 2018,24 August 2018,"44,109","Audio recordings, Browsing histories, Device information, Email addresses, Geographic locations, IMEI numbers, IP addresses, Names, Passwords, Photos, SMS messages"
Staminus,11 March 2016,5 October 2017,"26,815","Credit cards, Email addresses, IP addresses, Passwords, Support tickets, Usernames"
StarNet,26 February 2015,11 April 2015,"139,395","Customer interactions, Dates of birth, Email addresses, Genders, IP addresses, MAC addresses, Names, Passport numbers, Passwords, Phone numbers"
START,1 June 2021,30 August 2022,"7,455,386","Email addresses, Geographic locations, Names, Passwords"
StarTribune,10 October 2019,30 October 2020,"2,192,857","Dates of birth, Email addresses, Genders, Names, Passwords, Physical addresses, Usernames"
Ster-Kinekor,9 March 2017,13 March 2017,"1,619,544","Dates of birth, Email addresses, Genders, Names, Passwords, Phone numbers, Physical addresses, Spoken languages"
StockX,26 July 2019,10 August 2019,"6,840,339","Email addresses, Names, Passwords, Physical addresses, Purchases, Usernames"
StoryBird,7 August 2015,2 February 2021,"1,047,200","Email addresses, Names, Passwords, Usernames"
Straffic,14 February 2020,27 February 2020,"48,580,249","Email addresses, Genders, Names, Phone numbers, Physical addresses"
Stratfor,24 December 2011,4 December 2013,"859,777","Credit cards, Email addresses, Names, Passwords, Phone numbers, Physical addresses, Usernames"
StreetEasy,28 June 2016,6 October 2019,"988,230","Email addresses, Names, Passwords, Usernames"
Stripchat,5 November 2021,31 August 2022,"10,001,355","Email addresses, IP addresses, Usernames"
Stronghold Kingdoms,4 July 2018,21 July 2019,"5,187,305","Email addresses, Passwords, Usernames"
SubaGames,1 November 2016,25 August 2021,"6,137,666","Email addresses, Passwords, Usernames"
Sumo Torrent,21 June 2014,9 March 2016,"285,191","Email addresses, IP addresses, Passwords, Usernames, Website activity"
Sundry Files,21 January 2022,31 March 2023,"274,461","Email addresses, IP addresses, Passwords, Usernames"
SuperVPN & GeckoVPN,25 February 2021,28 February 2021,"20,339,937","Device information, Device serial numbers, Email addresses, Geographic locations, IMSI numbers, Login histories"
SvenskaMagic,1 July 2015,30 August 2018,"30,327","Email addresses, Passwords, Usernames"
SweClockers.com,1 April 2015,22 March 2017,"254,867","Email addresses, Passwords, Usernames"
Swvl,23 June 2020,31 July 2020,"4,195,918","Email addresses, Names, Partial credit card data, Passwords, Phone numbers, Profile photos"
TaiLieu,24 November 2019,3 May 2020,"7,327,477","Dates of birth, Email addresses, Genders, Geographic locations, Names, Passwords, Phone numbers, Usernames"
Tamodo,28 February 2020,24 March 2020,"494,945","Dates of birth, Email addresses, Genders, Geographic locations, IP addresses, Names, Passwords"
Taobao,1 January 2012,8 October 2016,"21,149,008","Email addresses, Passwords"
TAP Air Portugal,25 August 2022,23 September 2022,"6,083,479","Dates of birth, Email addresses, Genders, Names, Nationalities, Phone numbers, Physical addresses, Salutations, Spoken languages"
Taringa,1 August 2017,19 April 2018,"27,971,100","Email addresses, Passwords, Usernames"
Team SoloMid,22 December 2014,9 March 2016,"442,166","Email addresses, IP addresses, Passwords, Usernames"
Technic,30 November 2018,4 December 2018,"265,410","Chat logs, Email addresses, IP addresses, Passwords, Private messages, Time zones"
Teespring,1 April 2020,25 June 2021,"8,234,193","Email addresses, Geographic locations, Names, Social media profiles"
Telecom Regulatory Authority of India,27 April 2015,27 April 2015,"107,776","Email addresses, Email messages"
Teracod,28 May 2016,22 August 2016,"97,151","Avatars, Email addresses, IP addresses, Passwords, Payment histories, Private messages, Usernames, Website activity"
Terravision,1 February 2023,23 April 2023,"2,075,625","Dates of birth, Email addresses, Geographic locations, Names, Passwords, Phone numbers"
Tesco,12 February 2014,13 February 2014,"2,239","Email addresses, Passwords, Reward program balances"
TGBUS,1 September 2017,28 April 2018,"10,371,766","Email addresses, Passwords, Usernames"
The Candid Board,3 September 2015,22 January 2017,"178,201","Dates of birth, Email addresses, Geographic locations, IP addresses, Passwords, Usernames, Website activity"
The Fappening,1 December 2015,13 April 2016,"179,030","Email addresses, Passwords, Usernames"
The Fly on the Wall,31 December 2017,15 January 2018,"84,011","Age groups, Credit cards, Email addresses, Genders, Names, Passwords, Phone numbers, Physical addresses, Purchases, Usernames"
The Halloween Spot,27 September 2019,16 March 2020,"10,653","Email addresses, IP addresses, Names, Phone numbers, Physical addresses, Purchases"
The Kodi Foundation,16 February 2023,13 April 2023,"400,635","Browser user agent details, Dates of birth, Email addresses, IP addresses, Passwords, Private messages, Usernames"
TheGradCafe,26 February 2023,24 March 2023,"310,975","Email addresses, Genders, Geographic locations, IP addresses, Names, Passwords, Phone numbers, Physical addresses, Usernames"
TheTVDB.com,21 November 2017,29 January 2018,"181,871","Email addresses, Passwords, Usernames"
Thingiverse,13 October 2020,14 October 2021,"228,102","Dates of birth, Email addresses, IP addresses, Names, Passwords, Physical addresses, Usernames"
ThisHabbo Forum,1 January 2014,28 March 2015,"612,414","Email addresses, IP addresses, Passwords, Usernames"
Tianya,26 December 2011,30 June 2016,"29,020,808","Email addresses, Names, Usernames"
Ticketcounter,22 February 2021,1 March 2021,"1,921,722","Bank account numbers, Dates of birth, Email addresses, Genders, IP addresses, Names, Payment histories, Phone numbers, Physical addresses"
Ticketfly,31 May 2018,3 June 2018,"26,151,608","Email addresses, Names, Phone numbers, Physical addresses"
Tokopedia,17 April 2020,2 May 2020,"71,443,698","Dates of birth, Email addresses, Genders, Names, Passwords"
ToonDoo,21 August 2019,11 November 2019,"6,002,694","Email addresses, Genders, Geographic locations, IP addresses, Passwords, Usernames"
Torrent Invites,12 December 2013,22 March 2017,"352,120","Dates of birth, Email addresses, IP addresses, Passwords, Usernames, Website activity"
Tout,11 September 2014,25 January 2020,"652,683","Bios, Email addresses, Geographic locations, IP addresses, Names, Passwords, Usernames"
Travel Oklahoma,17 December 2020,10 March 2021,"637,279","Age groups, Dates of birth, Email addresses, Genders, Names, Physical addresses"
Travelio,23 November 2021,8 April 2022,"471,376","Auth tokens, Dates of birth, Email addresses, Names, Passwords, Phone numbers, Physical addresses"
Trik Spam Botnet,12 June 2018,14 June 2018,"43,432,346",Email addresses
Trillian,27 December 2015,15 July 2016,"3,827,238","Dates of birth, Email addresses, IP addresses, Names, Passwords, Usernames"
TruckersMP,25 February 2016,24 April 2016,"83,957","Email addresses, Passwords, Usernames"
TrueFire,21 February 2020,2 August 2020,"599,667","Account balances, Dates of birth, Email addresses, Names, Passwords, Phone numbers, Physical addresses, Usernames"
Truth Finder,12 April 2019,4 February 2023,"8,159,573","Email addresses, Names, Passwords, Phone numbers"
tumblr,28 February 2013,29 May 2016,"65,469,298","Email addresses, Passwords"
Tuned Global,16 March 2016,3 August 2022,"985,586","Email addresses, Names, Passwords, Phone numbers, Physical addresses"
Twitter,1 January 2022,13 August 2022,"6,682,453","Bios, Email addresses, Geographic locations, Names, Phone numbers, Profile photos, Usernames"
Twitter (200M),1 January 2021,5 January 2023,"211,524,284","Email addresses, Names, Social media profiles, Usernames"
Uiggy,1 June 2016,27 June 2016,"2,682,650","Email addresses, Genders, Names, Social connections, Website activity"
Ulmon,26 January 2020,8 May 2020,"777,769","Bios, Email addresses, Names, Passwords, Phone numbers, Social media profiles"
UN Internet Governance Forum,20 February 2014,23 February 2014,"3,200","Email addresses, Names, Passwords, Usernames"
Underworld Empire,25 April 2017,19 February 2018,"428,779","Email addresses, IP addresses, Passwords, Usernames"
Unico Campania,19 August 2020,19 August 2020,"166,031","Email addresses, Passwords"
Universarium,1 November 2019,3 January 2020,"564,962","Email addresses, Passwords"
University of California,24 December 2020,20 June 2021,"547,422","Dates of birth, Education levels, Email addresses, Ethnicities, Genders, Job titles, Names, Phone numbers, Physical addresses, Social security numbers"
Unreal Engine,11 August 2016,7 November 2016,"530,147","Email addresses, Passwords, Usernames"
Unverified Data Source,26 January 2021,24 March 2021,"11,498,146","Bank account numbers, Credit status information, Dates of birth, Email addresses, Employers, Health insurance information, Income levels, IP addresses, Names, Personal health data, Phone numbers, Physical addresses, Smoking habits, Social security numbers"
Upstox,8 April 2021,19 January 2022,"111,002","Bank account numbers, Dates of birth, Email addresses, Family members' names, Genders, Government issued IDs, Income levels, Marital statuses, Nationalities, Occupations, Passwords, Phone numbers, Physical addresses"
Utah Gun Exchange,17 July 2020,19 August 2020,"235,233","Email addresses, Genders, IP addresses, Passwords, Usernames"
uTorrent,14 January 2016,5 November 2016,"395,044","Email addresses, Passwords, Usernames"
uuu9,6 September 2016,27 December 2016,"7,485,802","Email addresses, Passwords, Usernames"
Vakinha,22 June 2020,1 August 2020,"4,775,203","Dates of birth, Email addresses, IP addresses, Names, Passwords, Phone numbers"
Vastaamo,31 March 2019,17 July 2021,"30,433","Email addresses, Names, Personal health data, Social security numbers"
vBulletin,3 November 2015,24 January 2016,"518,966","Dates of birth, Email addresses, Homepage URLs, Instant messenger identities, IP addresses, Passwords, Security questions and answers, Spoken languages, Website activity"
Vedantu,8 July 2019,1 November 2019,"686,899","Browser user agent details, Email addresses, Genders, IP addresses, Names, Passwords, Phone numbers, Spoken languages, Time zones, Website activity"
Verifications.io,25 February 2019,9 March 2019,"763,117,241","Dates of birth, Email addresses, Employers, Genders, Geographic locations, IP addresses, Job titles, Names, Phone numbers, Physical addresses"
Verified,10 January 2014,6 July 2014,"16,919","Email addresses, Historical passwords, IP addresses, Passwords, Private messages, Usernames, Website activity"
Vianet,8 April 2020,22 April 2020,"94,353","Email addresses, Names, Phone numbers, Physical addresses"
Victory Phones,1 January 2017,11 October 2017,"166,046","Dates of birth, Email addresses, IP addresses, Names, Phone numbers, Physical addresses"
ViewFines,7 May 2018,24 May 2018,"777,649","Email addresses, Government issued IDs, Names, Passwords, Phone numbers"
VK,1 January 2012,9 June 2016,"93,338,602","Email addresses, Names, Passwords, Phone numbers"
VNG,19 May 2015,28 April 2018,"24,853,850","Dates of birth, Email addresses, Genders, IP addresses, Marital statuses, Names, Occupations, Passwords, Phone numbers, Physical addresses, Usernames"
Vodafone,30 November 2013,30 November 2013,"56,021","Credit cards, Email addresses, Government issued IDs, IP addresses, Names, Passwords, Phone numbers, Physical addresses, Purchases, SMS messages, Usernames"
Void.to,13 June 2019,11 September 2019,"95,431","Email addresses, IP addresses, Passwords, Private messages, Usernames"
VTech,13 November 2015,25 November 2015,"4,833,678","Dates of birth, Email addresses, Family members' names, Genders, IP addresses, Names, Passwords, Physical addresses, Security questions and answers, Usernames, Website activity"
V-Tight Gel,13 February 2016,17 November 2017,"2,013,164","Email addresses, IP addresses, Names, Phone numbers, Physical addresses"
Wakanim,28 August 2022,6 October 2022,"6,706,951","Browser user agent details, Email addresses, IP addresses, Names, Physical addresses, Usernames"
Wanelo,13 December 2018,30 September 2019,"23,165,793","Email addresses, IP addresses, Names, Passwords, Physical addresses"
War Inc.,4 July 2012,7 November 2016,"1,020,136","Email addresses, Passwords, Usernames, Website activity"
Warframe,24 November 2014,21 July 2016,"819,478","Email addresses, Usernames, Website activity"
Warmane,1 December 2016,8 September 2018,"1,116,256","Dates of birth, Email addresses, Passwords, Usernames"
Wattpad,29 June 2020,19 July 2020,"268,765,495","Bios, Dates of birth, Email addresses, Genders, Geographic locations, IP addresses, Names, Passwords, Social media profiles, User website URLs, Usernames"
We Heart It,3 November 2013,14 October 2017,"8,600,635","Email addresses, Passwords, Usernames"
WedMeGood,6 January 2021,13 May 2021,"1,306,723","Email addresses, Genders, Names, Passwords, Phone numbers, Physical addresses"
Weee,11 July 2022,8 February 2023,"1,117,405","Delivery instructions, Email addresses, Names, Phone numbers, Purchases"
WeLeakInfo,8 March 2021,15 March 2021,"11,788","Browser user agent details, Email addresses, Employers, IP addresses, Names, Partial credit card data, Physical addresses, Purchases"
Wendy's,31 March 2018,24 May 2022,"52,485","Education levels, Email addresses, IP addresses, Job applications, Names, Passwords, Phone numbers, Physical addresses"
Whitepages,27 June 2016,27 March 2019,"11,657,763","Email addresses, Names, Passwords"
WHMCS,21 May 2012,28 June 2016,"134,047","Email addresses, Email messages, Employers, IP addresses, Names, Partial credit card data, Passwords, Payment histories, Physical addresses, Website activity"
Wiener B√ºchereien,10 June 2019,28 June 2019,"224,119","Dates of birth, Email addresses, Names, Phone numbers, Physical addresses"
Wife Lovers,7 October 2018,20 October 2018,"1,274,051","Email addresses, IP addresses, Names, Passwords, Usernames"
WIIU ISO,25 September 2015,6 September 2016,"458,155","Email addresses, IP addresses, Passwords, Usernames"
WildStar,11 July 2015,6 March 2016,"738,556","Dates of birth, Email addresses, IP addresses, Passwords, Usernames"
Win7Vista Forum,3 September 2013,1 June 2014,"202,683","Email addresses, Instant messenger identities, IP addresses, Names, Passwords, Private messages, Usernames, Website activity"
Wishbone (2016),7 August 2016,15 March 2017,"2,247,314","Auth tokens, Dates of birth, Email addresses, Genders, Names, Phone numbers, Usernames"
Wishbone (2020),27 January 2020,28 May 2020,"9,705,172","Auth tokens, Dates of birth, Email addresses, Genders, Geographic locations, IP addresses, Names, Passwords, Phone numbers, Profile photos, Social media profiles, Usernames"
WiziShop,14 July 2020,5 October 2020,"2,856,769","Dates of birth, Email addresses, IP addresses, Names, Passwords, Phone numbers, Physical addresses"
Wongnai,28 October 2020,4 November 2020,"3,924,454","Dates of birth, Email addresses, Geographic locations, IP addresses, Names, Passwords, Phone numbers, Social media profiles"
WPSandbox,4 November 2018,6 November 2018,858,"Email addresses, Passwords"
WPT Amateur Poker League,4 January 2014,1 February 2014,"148,366","Email addresses, Passwords"
xat,4 November 2015,5 August 2016,"5,968,783","Email addresses, IP addresses, Passwords, Usernames, Website activity"
Xbox 360 ISO,25 September 2015,29 January 2017,"1,296,959","Email addresses, IP addresses, Passwords, Usernames"
Xbox-Scene,1 February 2015,7 February 2016,"432,552","Email addresses, IP addresses, Passwords, Usernames"
xHamster,28 November 2016,8 March 2018,"377,377","Email addresses, Passwords, Usernames"
Xiaomi,1 August 2012,21 July 2019,"7,088,010","Email addresses, IP addresses, Passwords, Usernames"
XKCD,1 July 2019,1 September 2019,"561,991","Email addresses, IP addresses, Passwords, Usernames"
XPG,1 January 2016,1 July 2017,"890,341","Email addresses, IP addresses, Passwords, Usernames"
XSplit,7 November 2013,8 August 2015,"2,983,472","Email addresses, Names, Passwords, Usernames"
Yahoo,11 July 2012,4 December 2013,"453,427","Email addresses, Passwords"
Yam,2 June 2013,22 May 2021,"13,258,797","Dates of birth, Email addresses, Names, Passwords, Phone numbers, Physical addresses, Usernames"
Yandex Dump,7 September 2014,12 September 2014,"1,186,564","Email addresses, Passwords"
Yatra,1 September 2013,4 July 2018,"5,033,997","Dates of birth, Email addresses, Names, Passwords, Phone numbers, Physical addresses, PINs"
yotepresto.com,22 June 2020,25 June 2021,"1,444,629","Email addresses, IP addresses, Passwords, Usernames"
Youku,1 December 2016,15 April 2017,"91,890,110","Email addresses, Passwords"
YouNow,15 February 2019,18 July 2019,"18,241,518","Email addresses, IP addresses, Names, Social media profiles, Usernames"
YouPorn,21 February 2012,30 July 2015,"1,327,567","Email addresses, Passwords"
You've Been Scraped,5 October 2018,6 December 2018,"66,147,869","Email addresses, Employers, Geographic locations, Job titles, Names, Social media profiles"
Zacks,10 May 2020,10 June 2023,"8,929,503","Email addresses, Names, Passwords, Phone numbers, Physical addresses, Usernames"
ZAP-Hosting,22 November 2021,19 March 2022,"746,682","Browser user agent details, Chat logs, Email addresses, IP addresses, Names, Phone numbers, Physical addresses, Purchases"
Zhenai.com,21 December 2011,11 July 2019,"5,024,908","Email addresses, Passwords"
Zomato,17 May 2017,4 September 2017,"16,472,873","Email addresses, Passwords, Usernames"
Zoomcar,1 July 2018,5 June 2020,"3,589,795","Email addresses, IP addresses, Names, Passwords, Phone numbers"
Zoosk (2011),1 January 2011,8 February 2017,"52,578,183","Email addresses, Passwords"
Zoosk (2020),12 January 2020,7 August 2020,"23,927,853","Dates of birth, Drinking habits, Education levels, Email addresses, Ethnicities, Family structure, Genders, Geographic locations, Income levels, Names, Nicknames, Physical attributes, Political views, Relationship statuses, Religions, Sexual orientations, Smoking habits"
Zooville,27 September 2019,19 October 2019,"71,407","Dates of birth, Email addresses, IP addresses, Passwords, Usernames"
Zurich,8 January 2023,22 January 2023,"756,737","Dates of birth, Email addresses, Genders, Names, Vehicle details"
Zynga,1 September 2019,19 December 2019,"172,869,660","Email addresses, Passwords, Phone numbers, Usernames"
–ü–∞—Ä–∞ –ü–∞,8 August 2016,28 December 2016,"4,946,850","Email addresses, Passwords, Usernames"
–°–ø—Ä–∞—à–∏–≤–∞–π.—Ä—É,11 May 2015,12 May 2015,"3,474,763","Dates of birth, Email addresses, Genders, Geographic locations, IP addresses, Passwords, Spoken languages"
ÏßëÍæ∏ÎØ∏Í∏∞,27 March 2020,2 August 2020,"1,298,651","Email addresses, Names, Phone numbers, Usernames"
N/A,N/A,N/A,N/A,N/A
N/A,N/A,N/A,N/A,N/A
N/A,N/A,N/A,N/A,N/A
N/A,N/A,N/A,N/A,N/A
